0,0
0.01,0
0.02,0
0.031,1.889e-4
0.041,0.001
0.051,0.004
0.061,0.01
0.071,0.019
0.081,0.034
0.092,0.058
0.102,0.087
0.112,0.126
0.122,0.176
0.132,0.24
0.139,0.293
0.149,0.384
0.159,0.493
0.167,0.6
0.175,0.705
0.182,0.81
0.188,0.914
0.192,0.997
0.197,1.1
0.204,1.232
0.209,1.353
0.215,1.484
0.22,1.615
0.225,1.749
0.231,1.895
0.236,2.035
0.242,2.18
0.248,2.357
0.254,2.519
0.26,2.696
0.267,2.896
0.274,3.131
0.284,3.436
0.292,3.687
0.304,4.073
0.321,4.675
0.332,5.038
0.339,5.299
0.345,5.521
0.351,5.721
0.356,5.906
0.36,6.081
0.365,6.248
0.37,6.456
0.374,6.613
0.378,6.769
0.382,6.923
0.386,7.077
0.39,7.231
0.394,7.387
0.397,7.545
0.401,7.707
0.406,7.874
0.41,8.047
0.414,8.228
0.419,8.419
0.423,8.626
0.429,8.854
0.435,9.116
0.442,9.437
0.453,9.893
0.468,10.59
0.475,10.909
0.483,11.293
0.489,11.566
0.494,11.798
0.498,12.007
0.503,12.201
0.506,12.386
0.51,12.564
0.514,12.737
0.517,12.907
0.521,13.076
0.524,13.245
0.527,13.414
0.531,13.586
0.534,13.762
0.538,13.944
0.542,14.134
0.546,14.335
0.55,14.551
0.555,14.79
0.56,15.069
0.567,15.42
0.577,15.952
0.592,16.763
0.601,17.242
0.607,17.551
0.612,17.814
0.616,18.051
0.62,18.274
0.624,18.487
0.627,18.694
0.631,18.898
0.635,19.102
0.638,19.308
0.642,19.517
0.646,19.734
0.65,19.962
0.654,20.206
0.659,20.473
0.664,20.778
0.671,21.185
0.681,21.744
0.695,22.594
0.702,23.03
0.709,23.457
0.714,23.789
0.719,24.082
0.723,24.315
0.727,24.576
0.731,24.832
0.735,25.087
0.74,25.346
0.744,25.615
0.748,25.9
0.753,26.212
0.759,26.564
0.765,26.987
0.774,27.575
0.788,28.467
0.804,29.541
0.81,29.944
0.816,30.29
0.82,30.609
0.825,30.916
0.829,31.221
0.834,31.532
0.839,31.859
0.844,32.216
0.85,32.644
0.858,33.177
0.869,33.985
0.886,35.211
0.894,35.784
0.901,36.228
0.906,36.629
0.911,37.007
0.916,37.38
0.922,37.764
0.927,38.179
0.934,38.66
0.942,39.294
0.955,40.253
0.974,41.709
0.981,42.223
0.987,42.683
0.992,43.134
0.998,43.604
1.005,44.132
1.014,44.804
1.026,45.819
1.046,47.36
1.053,47.971
1.06,48.517
1.063,48.77
1.068,49.151
1.075,49.724
1.085,50.561
1.1,51.827
1.117,53.284
1.126,54.024
1.135,54.763
1.145,55.652
1.16,56.997
1.184,59.038
1.195,60.057
1.208,61.166
1.211,61.468
1.216,61.921
1.224,62.604
1.235,63.633
1.242,64.272
1.253,65.234
1.266,66.473
1.285,68.193
1.303,69.92
1.321,71.657
1.349,74.292
1.378,77.144
1.423,81.498
1.468,86.073
1.513,90.709
1.563,95.952
1.587,98.478
1.622,102.313
1.656,105.981
1.706,111.533
1.756,117.188
1.767,118.441
1.783,120.33
1.794,121.519
1.803,122.644
1.818,124.34
1.821,124.688
1.825,125.211
1.834,126.206
1.847,127.726
1.86,129.241
1.88,131.496
1.891,132.826
1.908,134.806
1.926,136.776
1.938,138.142
1.956,140.178
1.976,142.339
1.994,144.339
2.022,147.306
2.063,151.687
2.091,154.662
2.134,159.054
2.184,164.108
2.234,169.051
2.266,172.188
2.314,176.812
2.354,180.567
2.404,185.159
2.431,187.551
2.471,191.088
2.521,195.464
2.565,199.276
2.615,203.486
2.665,207.613
2.715,211.658
2.765,215.624
2.815,219.513
2.865,223.327
2.915,227.068
2.965,230.739
3.015,234.34
3.064,237.802
3.114,241.271
3.164,244.675
3.214,248.016
3.264,251.296
3.314,254.516
3.364,257.677
3.414,260.78
3.464,263.827
3.514,266.819
3.564,269.757
3.604,272.048
3.654,274.892
3.704,277.684
3.754,280.426
3.78,281.839
3.819,283.934
3.848,285.491
3.893,287.794
3.942,290.328
3.992,292.843
4.042,295.312
4.073,296.802
4.119,299.006
4.155,300.729
4.205,303.055
4.255,305.34
4.305,307.582
4.335,308.922
4.381,310.904
4.425,312.811
4.475,314.916
4.525,316.983
4.558,318.323
4.582,319.27
4.617,320.675
4.665,322.563
4.696,323.753
4.743,325.513
4.778,326.852
4.828,328.693
4.878,330.497
4.928,332.267
4.978,334.002
5.028,335.703
5.078,337.37
5.128,339.003
5.178,340.603
5.205,341.429
5.223,341.994
5.244,342.646
5.275,343.595
5.321,344.996
5.371,346.47
5.421,347.913
5.448,348.686
5.472,349.334
5.506,350.294
5.556,351.653
5.598,352.778
5.633,353.683
5.683,354.965
5.733,356.217
5.768,357.082
5.808,358.038
5.858,359.216
5.908,360.366
5.958,361.487
6.008,362.579
6.058,363.642
6.108,364.678
6.158,365.685
6.208,366.665
6.258,367.616
6.308,368.541
6.358,369.438
6.408,370.308
6.458,371.151
6.508,371.967
6.558,372.756
6.608,373.518
6.658,374.255
6.708,374.965
6.758,375.649
6.808,376.307
6.86,376.964
6.863,376.995
6.87,377.084
6.879,377.178
6.889,377.279
6.901,377.387
6.915,377.503
6.933,377.627
6.954,377.76
6.981,377.901
7.016,378.05
7.062,378.2
7.122,378.34
7.2,378.443
7.279,378.476
7.38,378.425
7.492,378.257
7.639,377.893
7.872,377.114
8.058,376.425
8.246,375.733
8.434,375.04
8.622,374.348
8.81,373.656
9.31,371.814
9.497,371.122
9.685,370.43
9.873,369.738
10.061,369.046
10.249,368.354
10.437,367.662
10.625,366.97
10.813,366.278
11,365.587
11.188,364.895
11.376,364.204
11.564,363.512
11.752,362.821
11.94,362.129
12.127,361.438
12.315,360.747
12.503,360.055
12.691,359.364
12.879,358.672
13.066,357.981
13.254,357.29
13.442,356.599
13.63,355.908
13.818,355.217
14.005,354.527
14.193,353.836
14.381,353.145
14.57,352.454
14.757,351.763
14.945,351.072
15.133,350.382
15.32,349.691
15.508,349
16.008,347.161
16.196,346.471
16.384,345.78
16.571,345.09
16.759,344.399
16.947,343.709
17.134,343.019
17.322,342.329
17.509,341.639
17.697,340.949
17.885,340.259
18.072,339.569
18.26,338.879
18.448,338.189
18.635,337.499
18.823,336.81
19.01,336.12
19.198,335.43
19.385,334.741
19.573,334.051
19.761,333.362
19.948,332.672
20.136,331.983
20.323,331.293
20.511,330.605
20.699,329.915
20.886,329.226
21.074,328.537
21.261,327.847
21.449,327.158
21.636,326.469
21.824,325.78
22.011,325.091
22.199,324.402
22.386,323.714
22.574,323.025
22.762,322.336
22.949,321.647
23.137,320.959
23.324,320.27
23.511,319.581
23.699,318.893
23.886,318.204
24.074,317.516
24.261,316.828
24.449,316.139
24.636,315.451
24.824,314.763
25.011,314.075
25.199,313.386
25.386,312.698
25.574,312.01
25.761,311.322
25.948,310.634
26.136,309.946
26.323,309.258
26.51,308.571
26.698,307.883
26.885,307.195
27.072,306.507
27.26,305.82
27.447,305.132
27.635,304.444
27.822,303.757
28.009,303.069
28.197,302.382
28.384,301.694
28.571,301.007
28.758,300.32
28.946,299.633
29.133,298.945
29.32,298.258
29.507,297.571
29.695,296.884
29.882,296.197
30.069,295.51
30.256,294.823
30.443,294.137
30.631,293.449
30.818,292.763
31.005,292.076
31.192,291.389
31.38,290.703
31.567,290.016
31.754,289.33
31.941,288.643
32.128,287.956
32.315,287.27
32.502,286.584
32.69,285.898
32.877,285.211
33.064,284.525
33.251,283.839
33.438,283.153
33.625,282.466
33.812,281.781
34,281.094
34.187,280.409
34.374,279.723
34.561,279.037
34.748,278.351
34.935,277.665
35.122,276.979
35.309,276.294
35.496,275.608
35.683,274.922
35.87,274.237
36.057,273.552
36.244,272.866
36.431,272.18
36.618,271.495
36.805,270.81
36.992,270.125
37.179,269.439
37.366,268.754
37.553,268.069
37.74,267.384
37.927,266.699
38.114,266.014
38.301,265.329
38.488,264.644
38.675,263.959
38.862,263.274
39.049,262.589
39.236,261.905
39.423,261.22
39.609,260.535
39.796,259.851
39.983,259.166
40.17,258.482
40.357,257.797
40.544,257.113
40.73,256.429
40.917,255.744
41.104,255.06
41.291,254.376
41.478,253.692
41.665,253.007
41.851,252.324
42.039,251.64
42.226,250.955
42.413,250.271
42.6,249.587
42.786,248.903
42.973,248.22
43.16,247.536
43.347,246.852
43.534,246.168
43.72,245.485
43.907,244.801
44.094,244.118
44.281,243.434
44.468,242.751
44.655,242.067
44.841,241.384
45.028,240.7
45.215,240.017
45.402,239.334
45.588,238.651
45.775,237.967
45.962,237.285
46.149,236.601
46.335,235.919
46.522,235.235
46.709,234.552
46.895,233.87
47.082,233.187
47.269,232.504
47.456,231.821
47.642,231.138
47.829,230.456
48.015,229.773
48.202,229.091
48.388,228.408
48.575,227.726
48.762,227.043
48.948,226.361
49.135,225.678
49.322,224.996
49.508,224.314
49.695,223.632
49.881,222.95
50.068,222.267
50.254,221.585
50.441,220.903
50.627,220.221
50.814,219.539
51,218.857
51.187,218.176
51.373,217.494
51.56,216.812
51.746,216.13
51.933,215.449
52.119,214.767
52.306,214.085
52.492,213.404
52.992,211.578
53.179,210.896
53.365,210.215
53.552,209.533
53.738,208.852
54.238,207.025
54.425,206.344
54.611,205.663
54.797,204.982
54.984,204.301
55.17,203.62
55.356,202.939
55.543,202.258
55.729,201.578
55.916,200.897
56.102,200.216
56.288,199.536
56.475,198.855
56.661,198.174
56.847,197.494
57.034,196.814
57.22,196.134
57.407,195.453
57.593,194.772
57.78,194.092
57.966,193.412
58.152,192.732
58.338,192.052
58.525,191.371
58.711,190.692
58.897,190.012
59.083,189.331
59.27,188.652
59.456,187.972
59.642,187.292
59.828,186.612
60.015,185.932
60.201,185.253
60.387,184.573
60.573,183.894
60.76,183.214
60.946,182.534
61.132,181.855
61.319,181.175
61.505,180.496
61.691,179.817
61.877,179.138
62.063,178.458
62.25,177.779
62.436,177.1
62.622,176.42
62.808,175.742
62.994,175.062
63.181,174.383
63.367,173.704
63.553,173.026
63.739,172.347
63.925,171.668
64.112,170.989
64.298,170.311
64.484,169.632
64.67,168.953
64.856,168.274
65.042,167.596
65.228,166.917
65.414,166.239
65.6,165.56
65.786,164.882
65.972,164.204
66.159,163.525
66.345,162.847
66.53,162.169
66.716,161.491
66.902,160.813
67.088,160.134
67.274,159.456
67.46,158.778
67.646,158.101
67.832,157.423
68.018,156.745
68.204,156.067
68.39,155.389
68.576,154.711
68.762,154.034
68.948,153.356
69.134,152.679
69.32,152.001
69.82,150.178
70.006,149.501
70.191,148.824
70.377,148.146
70.563,147.469
70.749,146.792
70.935,146.116
71.121,145.438
71.307,144.762
71.494,144.084
71.68,143.407
71.866,142.73
72.051,142.053
72.237,141.376
72.423,140.699
72.609,140.022
72.795,139.346
72.981,138.669
73.166,137.992
73.352,137.316
73.538,136.639
73.724,135.962
73.909,135.286
74.095,134.61
74.281,133.933
74.467,133.257
74.652,132.581
74.838,131.904
75.024,131.229
75.21,130.552
75.395,129.876
75.581,129.2
75.767,128.524
75.952,127.848
76.138,127.172
76.324,126.496
76.51,125.82
76.695,125.144
76.881,124.468
77.067,123.793
77.253,123.117
77.438,122.441
77.624,121.766
77.81,121.09
77.995,120.415
78.181,119.739
78.367,119.064
78.552,118.388
78.738,117.713
78.924,117.038
79.109,116.362
79.295,115.687
79.48,115.012
79.666,114.337
79.851,113.662
80.037,112.987
80.223,112.312
80.408,111.637
80.594,110.962
80.779,110.287
80.965,109.612
81.15,108.937
81.336,108.263
81.521,107.588
81.707,106.913
81.892,106.239
82.078,105.564
82.263,104.89
82.449,104.215
82.635,103.541
82.82,102.866
83.005,102.192
83.191,101.517
83.376,100.843
83.562,100.169
83.747,99.495
83.933,98.821
84.118,98.147
84.304,97.473
84.489,96.798
84.675,96.124
84.86,95.451
85.36,93.633
85.545,92.959
85.731,92.286
85.916,91.612
86.102,90.938
86.287,90.264
86.472,89.591
86.658,88.917
86.843,88.244
87.028,87.571
87.213,86.897
87.399,86.224
87.584,85.551
87.769,84.877
87.955,84.204
88.14,83.531
88.326,82.859
88.512,82.185
88.697,81.512
88.882,80.839
89.067,80.166
89.253,79.493
89.438,78.82
89.623,78.147
89.809,77.474
89.994,76.802
90.179,76.129
90.364,75.456
90.55,74.784
90.735,74.111
90.92,73.439
91.106,72.766
91.291,72.094
91.476,71.421
91.661,70.75
91.847,70.076
92.032,69.404
92.217,68.732
92.402,68.06
92.587,67.388
92.773,66.716
92.958,66.043
93.143,65.371
93.328,64.7
93.513,64.028
94.013,62.213
94.198,61.541
94.383,60.87
94.568,60.198
94.754,59.526
94.939,58.855
95.439,57.04
95.624,56.369
95.809,55.698
95.994,55.026
96.179,54.354
96.364,53.683
96.549,53.012
96.734,52.341
96.92,51.67
97.105,50.999
97.29,50.327
97.475,49.656
97.66,48.985
97.845,48.315
98.03,47.645
98.216,46.973
98.401,46.302
98.586,45.631
98.771,44.96
98.956,44.29
99.141,43.619
99.325,42.948
99.51,42.278
99.695,41.607
99.88,40.937
100.065,40.266
100.25,39.596
100.435,38.926
100.62,38.255
100.805,37.585
100.99,36.915
101.174,36.245
101.359,35.575
101.544,34.904
101.729,34.235
101.914,33.564
102.099,32.894
102.284,32.224
102.469,31.555
102.654,30.885
102.839,30.215
103.023,29.545
103.208,28.876
103.393,28.206
103.578,27.536
103.763,26.866
103.948,26.197
104.133,25.527
104.318,24.858
104.502,24.189
104.687,23.519
104.872,22.851
105.057,22.18
105.242,21.511
105.427,20.842
105.611,20.173
105.796,19.504
105.981,18.835
106.166,18.166
106.666,16.354
106.85,15.686
107.035,15.017
107.22,14.348
107.405,13.679
107.589,13.01
107.774,12.342
107.958,11.674
108.144,11.004
108.328,10.336
108.513,9.667
108.697,8.999
108.882,8.33
109.067,7.662
109.251,6.994
109.436,6.326
109.621,5.657
109.805,4.989
109.99,4.321
110.175,3.653
110.359,2.984
110.544,2.317
110.728,1.648
111.184,0
